{
  "latest_pattern_analysis": {
    "cycle": 291,
    "timestamp": "2026-02-09T23:16:19.949132",
    "state_distribution": {
      "BALANCED": 50
    },
    "avg_cpu": 0.0,
    "avg_memory": 0.0,
    "peak_cpu": 0,
    "peak_memory": 0,
    "dominant_state": "BALANCED"
  },
  "latest_recommendations": [
    {
      "type": "OPTIMIZE_TICK",
      "action": "decrease_interval",
      "reason": "System is mostly idle, can check more frequently",
      "priority": "LOW"
    }
  ],
  "auto_adjusted_tick": 2.0,
  "observation_count": 291,
  "risk_count": 0,
  "pattern_counts": {
    "state:BALANCED": 1149,
    "throttle:0": 1149
  },
  "tick_interval": 2.0,
  "depth": "deep",
  "last_save": "2026-02-09T23:16:25.932861"
}