{
  "last_startup": "2026-02-12T10:22:51.209495",
  "startup_count": 37,
  "security_threat_level": "NONE",
  "security_events_count": 0,
  "security_failed_auth": 0,
  "automation_rules": {
    "e7261dbbddc3": {
      "id": "e7261dbbddc3",
      "name": "\"Periodic Logging\"",
      "trigger": {
        "type": "interval",
        "seconds": 14400,
        "_last_run": 1770882430.6179783
      },
      "action": {
        "type": "log_message",
        "params": {
          "message": "System status check - 4 hour interval"
        }
      },
      "enabled": true,
      "source": "user",
      "created_at": "2026-02-10T21:01:55.225610",
      "last_triggered": "2026-02-12T07:47:10.618153",
      "trigger_count": 3,
      "confidence": 1.0
    }
  },
  "evolution_session_steps": 0,
  "evolution_total_steps": 0,
  "evolution_mode": "A",
  "automation_logs": [
    {
      "timestamp": "2026-02-10T21:01:57.979995",
      "message": "System status check - 4 hour interval"
    },
    {
      "timestamp": "2026-02-11T11:39:32.633928",
      "message": "System status check - 4 hour interval"
    },
    {
      "timestamp": "2026-02-11T15:33:54.702416",
      "message": "System status check - 4 hour interval"
    },
    {
      "timestamp": "2026-02-12T04:17:58.413257",
      "message": "System status check - 4 hour interval"
    },
    {
      "timestamp": "2026-02-12T07:47:10.618108",
      "message": "System status check - 4 hour interval"
    }
  ]
}